{"stats":{"minecraft:picked_up":{"minecraft:wheat_seeds":1,"minecraft:dirt":1},"minecraft:used":{"minecraft:spruce_planks":89,"minecraft:dirt":1,"minecraft:smooth_quartz":123,"minecraft:grass_block":15},"minecraft:mined":{"minecraft:grass":3,"minecraft:grass_block":2,"minecraft:oak_leaves":2,"gravestone:gravestone":1},"minecraft:custom":{"minecraft:jump":71,"minecraft:time_since_rest":10050,"minecraft:walk_on_water_one_cm":653,"minecraft:deaths":1,"minecraft:crouch_one_cm":2999,"minecraft:sprint_one_cm":15061,"minecraft:play_time":12792,"minecraft:damage_taken":20,"minecraft:time_since_death":10015,"minecraft:walk_one_cm":46362,"minecraft:sneak_time":767,"minecraft:total_world_time":12792,"minecraft:fall_one_cm":2214,"minecraft:fly_one_cm":25137}},"DataVersion":3120}