{"stats":{"minecraft:mined":{"gravestone:gravestone":1,"minecraft:grass":3,"minecraft:grass_block":2,"minecraft:oak_leaves":2},"minecraft:killed":{"iceandfire:pixie":2},"minecraft:custom":{"minecraft:time_since_rest":64359,"minecraft:crouch_one_cm":9189,"minecraft:sprint_one_cm":39908,"minecraft:play_time":67101,"minecraft:deaths":1,"minecraft:damage_taken":20,"minecraft:walk_one_cm":176421,"minecraft:sneak_time":3000,"minecraft:mob_kills":2,"minecraft:jump":193,"minecraft:leave_game":7,"minecraft:walk_on_water_one_cm":900,"minecraft:time_since_death":64324,"minecraft:total_world_time":67101,"minecraft:fall_one_cm":3054,"minecraft:fly_one_cm":87204},"minecraft:used":{"iceandfire:pixie_jar_3":2,"minecraft:smooth_quartz_stairs":6,"iceandfire:podium_spruce":4,"minecraft:dirt":1,"minecraft:lantern":36,"iceandfire:dragonbone_bow":2,"minecraft:grass_block":17,"minecraft:spruce_slab":8,"minecraft:spruce_stairs":363,"minecraft:chain":33,"iceandfire:pixie_jar_1":2,"minecraft:polished_blackstone_brick_wall":9,"minecraft:lectern":1,"minecraft:spruce_planks":440,"minecraft:painting":4,"minecraft:smooth_quartz":221,"securitycraft:reinforced_brown_carpet":12,"iceandfire:lectern":2},"minecraft:picked_up":{"iceandfire:pixie_dust":2,"minecraft:wheat_seeds":3,"minecraft:dirt":1,"minecraft:lantern":4}},"DataVersion":3120}