{"stats":{"minecraft:mined":{"minecraft:grass":3,"minecraft:grass_block":2,"minecraft:oak_leaves":2,"gravestone:gravestone":1},"minecraft:picked_up":{"minecraft:wooden_axe":1,"iceandfire:pixie_dust":2,"minecraft:wheat_seeds":3,"minecraft:dirt":1,"minecraft:lantern":4},"minecraft:custom":{"minecraft:time_since_rest":142847,"minecraft:crouch_one_cm":16972,"minecraft:sprint_one_cm":57708,"minecraft:play_time":145589,"minecraft:damage_taken":40,"minecraft:deaths":1,"minecraft:walk_one_cm":194758,"minecraft:sneak_time":4961,"minecraft:mob_kills":2,"minecraft:drop":3,"minecraft:jump":318,"minecraft:leave_game":11,"minecraft:time_since_death":142812,"minecraft:walk_on_water_one_cm":900,"minecraft:total_world_time":145589,"minecraft:fall_one_cm":4085,"minecraft:fly_one_cm":132269},"minecraft:used":{"iceandfire:pixie_jar_3":2,"minecraft:smooth_quartz_stairs":6,"iceandfire:podium_spruce":4,"minecraft:dirt":1,"minecraft:lantern":36,"iceandfire:dragonbone_bow":2,"minecraft:grass_block":17,"minecraft:spruce_slab":8,"minecraft:spruce_stairs":364,"minecraft:chain":33,"minecraft:polished_blackstone_brick_wall":9,"iceandfire:pixie_jar_1":2,"minecraft:lectern":1,"minecraft:spruce_planks":440,"minecraft:painting":4,"minecraft:smooth_quartz":221,"securitycraft:reinforced_brown_carpet":12,"iceandfire:lectern":2},"minecraft:dropped":{"minecraft:spruce_stairs":1,"minecraft:wooden_axe":2},"minecraft:killed":{"iceandfire:pixie":2}},"DataVersion":3120}