{"stats":{"minecraft:picked_up":{"minecraft:wheat_seeds":3,"minecraft:dirt":1},"minecraft:used":{"minecraft:dirt":1,"minecraft:grass_block":17,"minecraft:spruce_stairs":282,"minecraft:spruce_planks":418,"minecraft:painting":4,"minecraft:smooth_quartz":168},"minecraft:mined":{"gravestone:gravestone":1,"minecraft:grass":3,"minecraft:grass_block":2,"minecraft:oak_leaves":2},"minecraft:custom":{"minecraft:time_since_rest":22050,"minecraft:crouch_one_cm":6697,"minecraft:play_time":24792,"minecraft:sprint_one_cm":27621,"minecraft:walk_one_cm":103133,"minecraft:damage_taken":20,"minecraft:deaths":1,"minecraft:sneak_time":1702,"minecraft:jump":126,"minecraft:time_since_death":22015,"minecraft:walk_on_water_one_cm":759,"minecraft:total_world_time":24792,"minecraft:fall_one_cm":2214,"minecraft:fly_one_cm":77619}},"DataVersion":3120}