{"stats":{"minecraft:picked_up":{"minecraft:wheat_seeds":3,"minecraft:dirt":1,"minecraft:lantern":4},"minecraft:used":{"iceandfire:lectern":2,"minecraft:dirt":1,"minecraft:lantern":36,"minecraft:grass_block":17,"minecraft:spruce_slab":8,"minecraft:spruce_stairs":290,"minecraft:chain":33,"minecraft:polished_blackstone_brick_wall":9,"minecraft:lectern":1,"minecraft:spruce_planks":429,"minecraft:painting":4,"minecraft:smooth_quartz":213},"minecraft:mined":{"gravestone:gravestone":1,"minecraft:grass":3,"minecraft:grass_block":2,"minecraft:oak_leaves":2},"minecraft:custom":{"minecraft:time_since_rest":34050,"minecraft:crouch_one_cm":7489,"minecraft:play_time":36792,"minecraft:sprint_one_cm":30717,"minecraft:walk_one_cm":139655,"minecraft:damage_taken":20,"minecraft:deaths":1,"minecraft:sneak_time":2091,"minecraft:jump":135,"minecraft:time_since_death":34015,"minecraft:walk_on_water_one_cm":900,"minecraft:total_world_time":36792,"minecraft:fall_one_cm":2214,"minecraft:fly_one_cm":83267}},"DataVersion":3120}