{"stats":{"minecraft:used":{"botania:black_double_flower":1,"minecraft:dirt":2},"minecraft:custom":{"minecraft:jump":38,"minecraft:time_since_rest":4887,"minecraft:leave_game":1,"minecraft:crouch_one_cm":80,"minecraft:sprint_one_cm":468,"minecraft:play_time":4887,"minecraft:time_since_death":4887,"minecraft:walk_one_cm":16917,"minecraft:sneak_time":49,"minecraft:total_world_time":4887,"minecraft:drop":3},"minecraft:picked_up":{"botania:black_mystical_flower":2,"botania:black_double_flower":1,"minecraft:dirt":2,"minecraft:wooden_axe":2},"minecraft:dropped":{"minecraft:wooden_axe":2,"botania:black_mystical_flower":2},"minecraft:mined":{"minecraft:grass":2,"botania:black_double_flower":1,"minecraft:grass_block":1,"botania:black_mystical_flower":2,"minecraft:dirt":1}},"DataVersion":3120}